{"cameraMode":{"drawMode":0,"name":"Shaded","section":"Shading Mode"},"sceneLighting":false,"audioPlay":false,"sceneViewState":{"m_AlwaysRefresh":false,"showFog":true,"showSkybox":false,"showFlares":true,"showImageEffects":true,"showParticleSystems":true,"showVisualEffectGraphs":true,"m_FxEnabled":true},"in2DMode":false,"pivot":{"x":3.1892852783203127,"y":1.0804486274719239,"z":0.48949140310287478},"rotation":{"x":0.1722325086593628,"y":-0.7608659267425537,"z":0.22441346943378449,"w":0.5839653611183167},"size":1.4142134189605713,"orthographic":false}